1;2701 
2;2210 
3;2121 
4;2070 
5;2039 
6;2014 
7;2009 
8;2005 
9;2001 
10;1977 
11;1904 
12;1960 
13;1930 
14;1915 
15;1901 
16;1885 
17;1874 
18;1863 
19;1854 
20;1845 
21;1837 
22;1828 
23;1821 
24;1813 
25;1808 
26;1803 
27;1798 
28;1793 
29;1787 
30;1781 
31;1776 
32;1770 
33;1766 
34;1762 
35;1758 
36;1754 
37;1750 
38;1746 
39;1743 
40;1739 
41;1735 
42;1732 
43;1729 
44;1726 
45;1723 
46;1720 
47;1717 
48;1715 
49;1713 
50;1710 
51;1708 
52;1706 
53;1704 
54;1701 
55;1700 
56;1698 
57;1696 
58;1694 
59;1694 
60;1693 
61;1692 
62;1691 
63;1690 
64;1689 
65;1688 
66;1687 
67;1687 
68;1686 
69;1685 
70;1684 
71;1683 
72;1682 
73;1681 
74;1680 
75;1679 
76;1677 
77;1674 
78;1670 
79;1666 
80;1662 
81;1658 
82;1663 
83;1667 
84;1671 
85;1675 
86;1679 
87;1673 
88;1667 
89;1661 
90;1655 
91;1649 
92;1646 
93;1643 
94;1640 
95;1637 
96;1634 
97;1633 
98;1631 
99;1629 
100;1627 
101;1625 
102;1624 
103;1622 
104;1620 
105;1618 
106;1616 
107;1615 
108;1613 
109;1612 
110;1610 
111;1608 
112;1607 
113;1605 
114;1604 
115;1602 
116;1600 
117;1599 
118;1598 
119;1596 
120;1595 
121;1593 
122;1592 
123;1591 
124;1590 
125;1589 
126;1587 
127;1586 
128;1584 
129;1583 
130;1581 
131;1579 
132;1578 
133;1577 
134;1576 
135;1575 
136;1573 
137;1572 
138;1571 
139;1569 
140;1568 
141;1566 
142;1565 
143;1564 
144;1563 
145;1562 
146;1561 
147;1560 
148;1559 
149;1558 
150;1557 
151;1555 
152;1554 
153;1553 
154;1552 
155;1551 
156;1550 
157;1549 
158;1548 
159;1547 
160;1546 
161;1544 
162;1543 
163;1542 
164;1541 
165;1540 
166;1539 
167;1538 
168;1537 
169;1536 
170;1535 
171;1534 
172;1533 
173;1532 
174;1531 
175;1530 
176;1528 
177;1528 
178;1527 
179;1526 
180;1525 
181;1524 
182;1523 
183;1522 
184;1521 
185;1520 
186;1519 
187;1518 
188;1517 
189;1516 
190;1515 
191;1514 
192;1514 
193;1513 
194;1512 
195;1511 
196;1510 
197;1510 
198;1509 
199;1508 
200;1507 
201;1506 
202;1506 
203;1505 
204;1504 
205;1503 
206;1502 
207;1501 
208;1500 
209;1499 
210;1498 
211;1497 
212;1497 
213;1496 
214;1495 
215;1494 
216;1493 
217;1493 
218;1492 
219;1491 
220;1490 
221;1489 
222;1489 
223;1488 
224;1487 
225;1486 
226;1485 
227;1485 
228;1484 
229;1483 
230;1482 
231;1481 
232;1480 
233;1479 
234;1478 
235;1477 
236;1476 
237;1476 
238;1475 
239;1475 
240;1474 
241;1473 
242;1473 
243;1472 
244;1472 
245;1471 
246;1470 
247;1470 
248;1469 
249;1468 
250;1467 
251;1466 
252;1466 
253;1465 
254;1465 
255;1464 
256;1463 
257;1463 
258;1462 
259;1462 
260;1461 
261;1460 
262;1460 
263;1459 
264;1458 
265;1457 
266;1456 
267;1456 
268;1455 
269;1455 
270;1454 
271;1453 
272;1453 
273;1452 
274;1452 
275;1451 
276;1450 
277;1450 
278;1449 
279;1448 
280;1447 
281;1446 
282;1446 
283;1445 
284;1445 
285;1444 
286;1443 
287;1443 
288;1442 
289;1442 
290;1441 
291;1440 
292;1440 
293;1439 
294;1439 
295;1438 
296;1437 
297;1437 
298;1436 
299;1436 
300;1435 
301;1434 
302;1434 
303;1433 
304;1433 
305;1432 
306;1431 
307;1431 
308;1430 
309;1430 
310;1429 
311;1428 
312;1428 
313;1428 
314;1427 
315;1427 
316;1426 
317;1426 
318;1425 
319;1425 
320;1424 
321;1423 
322;1423 
323;1422 
324;1422 
325;1421 
326;1420 
327;1420 
328;1419 
329;1419 
330;1418 
331;1417 
332;1417 
333;1417 
334;1416 
335;1416 
336;1415 
337;1415 
338;1415 
339;1414 
340;1414 
341;1413 
342;1413 
343;1413 
344;1412 
345;1412 
346;1411 
347;1411 
348;1411 
349;1410 
350;1410 
351;1409 
352;1409 
353;1408 
354;1408 
355;1407 
356;1406 
357;1406 
358;1406 
359;1405 
360;1405 
361;1404 
362;1404 
363;1404 
364;1404 
365;1404 
366;1403 
367;1403 
368;1403 
369;1402 
370;1402 
371;1401 
372;1401 
373;1401 
374;1400 
375;1400 
376;1399 
377;1399 
378;1399 
379;1398 
380;1398 
381;1397 
382;1397 
383;1397 
384;1397 
385;1397 
386;1396 
387;1396 
388;1396 
389;1395 
390;1395 
391;1394 
392;1394 
393;1394 
394;1393 
395;1393 
396;1392 
397;1392 
398;1392 
399;1391 
400;1391 
401;1390 
402;1390 
403;1390 
404;1389 
405;1389 
406;1388 
407;1388 
408;1387 
409;1387 
410;1386 
411;1385 
412;1385 
413;1385 
414;1384 
415;1384 
416;1383 
417;1383 
418;1382 
419;1382 
420;1381 
421;1380 
422;1380 
423;1379 
424;1379 
425;1378 
426;1377 
427;1377 
428;1376 
429;1376 
430;1375 
431;1374 
432;1374 
433;1373 
434;1372 
435;1371 
436;1370 
437;1369 
438;1368 
439;1367 
440;1366 
441;1365 
442;1364 
443;1363 
444;1362 
445;1361 
446;1360 
447;1359 
448;1358 
449;1357 
450;1356 
451;1355 
452;1354 
453;1352 
454;1351 
455;1349 
456;1347 
457;1356 
458;1364 
459;1373 
460;1381 
461;1389 
462;1387 
463;1385 
464;1383 
465;1381 
466;1378 
467;1377 
468;1376 
469;1374 
470;1373 
471;1371 
472;1370 
473;1369 
474;1368 
475;1367 
476;1366 
477;1366 
478;1365 
479;1364 
480;1363 
481;1362 
482;1362 
483;1361 
484;1360 
485;1359 
486;1358 
487;1358 
488;1357 
489;1357 
490;1356 
491;1355 
492;1355 
493;1354 
494;1353 
495;1352 
496;1351 
497;1351 
498;1350 
499;1350 
500;1349 
501;1348 
502;1348 
503;1347 
504;1347 
505;1346 
506;1345 
507;1345 
508;1345 
509;1344 
510;1344 
511;1343 
512;1343 
513;1342 
514;1342 
515;1341 
516;1340 
517;1340 
518;1340 
519;1339 
520;1339 
521;1338 
522;1338 
523;1338 
524;1337 
525;1337 
526;1336 
527;1336 
528;1336 
529;1335 
530;1335 
531;1334 
532;1334 
533;1334 
534;1333 
535;1333 
536;1332 
537;1332 
538;1332 
539;1331 
540;1331 
541;1330 
542;1330 
543;1330 
544;1329 
545;1329 
546;1328 
547;1328 
548;1328 
549;1327 
550;1327 
551;1326 
552;1326 
553;1326 
554;1326 
555;1326 
556;1325 
557;1325 
558;1325 
559;1324 
560;1324 
561;1323 
562;1323 
563;1323 
564;1322 
565;1322 
566;1321 
567;1321 
568;1321 
569;1320 
570;1320 
571;1319 
572;1319 
573;1319 
574;1318 
575;1318 
576;1317 
577;1317 
578;1317 
579;1317 
580;1317 
581;1316 
582;1316 
583;1316 
584;1315 
585;1315 
586;1314 
587;1314 
588;1314 
589;1314 
590;1314 
591;1313 
592;1313 
593;1313 
594;1312 
595;1312 
596;1311 
597;1311 
598;1311 
599;1311 
600;1311 
601;1310 
602;1310 
603;1310 
604;1309 
605;1309 
606;1308 
607;1308 
608;1308 
609;1307 
610;1307 
611;1306 
612;1306 
613;1306 
614;1306 
615;1306 
616;1305 
617;1305 
618;1305 
619;1304 
620;1304 
621;1303 
622;1303 
623;1303 
624;1303 
625;1303 
626;1302 
627;1302 
628;1302 
629;1301 
630;1301 
631;1300 
632;1300 
633;1300 
634;1299 
635;1299 
636;1298 
637;1298 
638;1298 
639;1298 
640;1298 
641;1297 
642;1297 
643;1297 
644;1297 
645;1297 
646;1296 
647;1296 
648;1296 
649;1295 
650;1295 
651;1294 
652;1294 
653;1294 
654;1294 
655;1294 
656;1293 
657;1293 
658;1293 
659;1292 
660;1292 
661;1291 
662;1291 
663;1291 
664;1291 
665;1291 
666;1290 
667;1290 
668;1290 
669;1289 
670;1289 
671;1288 
672;1288 
673;1288 
674;1287 
675;1287 
676;1286 
677;1286 
678;1286 
679;1286 
680;1286 
681;1285 
682;1285 
683;1285 
684;1285 
685;1285 
686;1284 
687;1284 
688;1284 
689;1283 
690;1283 
691;1282 
692;1282 
693;1282 
694;1282 
695;1282 
696;1281 
697;1281 
698;1281 
699;1281 
700;1281 
701;1280 
702;1280 
703;1280 
704;1280 
705;1280 
706;1279 
707;1279 
708;1279 
709;1279 
710;1279 
711;1278 
712;1278 
713;1278 
714;1278 
715;1278 
716;1277 
717;1277 
718;1277 
719;1277 
720;1277 
721;1276 
722;1276 
723;1276 
724;1275 
725;1275 
726;1274 
727;1274 
728;1274 
729;1274 
730;1274 
731;1273 
732;1273 
733;1273 
734;1273 
735;1273 
736;1272 
737;1272 
738;1272 
739;1272 
740;1272 
741;1271 
742;1271 
743;1271 
744;1270 
745;1270 
746;1269 
747;1269 
748;1269 
749;1269 
750;1269 
751;1268 
752;1268 
753;1268 
754;1268 
755;1268 
756;1267 
757;1267 
758;1267 
759;1267 
760;1267 
761;1266 
762;1266 
763;1266 
764;1266 
765;1266 
766;1265 
767;1265 
768;1265 
769;1265 
770;1265 
771;1264 
772;1264 
773;1264 
774;1264 
775;1264 
776;1263 
777;1263 
778;1263 
779;1263 
780;1263 
781;1262 
782;1262 
783;1262 
784;1262 
785;1262 
786;1261 
787;1261 
788;1261 
789;1261 
790;1261 
791;1260 
792;1260 
793;1260 
794;1260 
795;1260 
796;1259 
797;1259 
798;1259 
799;1259 
800;1259 
801;1258 
802;1258 
803;1258 
804;1258 
805;1258 
806;1257 
807;1257 
808;1257 
809;1257 
810;1257 
811;1256 
812;1256 
813;1256 
814;1256 
815;1256 
816;1255 
817;1255 
818;1255 
819;1255 
820;1255 
821;1254 
822;1254 
823;1254 
824;1254 
825;1254 
826;1253 
827;1253 
828;1253 
829;1253 
830;1253 
831;1252 
832;1252 
833;1252 
834;1252 
835;1252 
836;1251 
837;1251 
838;1251 
839;1251 
840;1251 
841;1250 
842;1250 
843;1250 
844;1250 
845;1250 
846;1249 
847;1249 
848;1249 
849;1249 
850;1249 
851;1249 
852;1249 
853;1249 
854;1249 
855;1249 
856;1248 
857;1248 
858;1248 
859;1248 
860;1248 
861;1247 
862;1247 
863;1247 
864;1247 
865;1247 
866;1247 
867;1247 
868;1247 
869;1247 
870;1247 
871;1246 
872;1246 
873;1246 
874;1246 
875;1246 
876;1245 
877;1245 
878;1245 
879;1245 
880;1245 
881;1244 
882;1244 
883;1244 
884;1244 
885;1244 
886;1244 
887;1244 
888;1244 
889;1244 
890;1244 
891;1243 
892;1243 
893;1243 
894;1243 
895;1243 
896;1242 
897;1242 
898;1242 
899;1242 
900;1242 
901;1241 
902;1241 
903;1241 
904;1241 
905;1241 
906;1240 
907;1240 
908;1240 
909;1240 
910;1240 
911;1239 
912;1239 
913;1239 
914;1239 
915;1239 
916;1238 
917;1238 
918;1238 
919;1238 
920;1238 
921;1237 
922;1237 
923;1237 
924;1237 
925;1237 
926;1236 
927;1236 
928;1236 
929;1236 
930;1236 
931;1235 
932;1235 
933;1235 
934;1235 
935;1235 
936;1234 
937;1234 
938;1234 
939;1234 
940;1234 
941;1234 
942;1234 
943;1234 
944;1234 
945;1234 
946;1233 
947;1233 
948;1233 
949;1233 
950;1233 
951;1233 
952;1233 
953;1233 
954;1233 
955;1233 
956;1232 
957;1232 
958;1232 
959;1232 
960;1232 
961;1232 
962;1232 
963;1232 
964;1232 
965;1232 
966;1231 
967;1231 
968;1231 
969;1231 
970;1231 
971;1231 
972;1231 
973;1231 
974;1231 
975;1231 
976;1231 
977;1231 
978;1231 
979;1231 
980;1231 
981;1230 
982;1230 
983;1230 
984;1230 
985;1230 
986;1229 
987;1229 
988;1229 
989;1229 
990;1229 
991;1229 
992;1229 
993;1229 
994;1229 
995;1229 
996;1228 
997;1228 
998;1228 
999;1228 
1000;1228 
1001;1227 
1002;1227 
1003;1227 
1004;1227 
1005;1227 
1006;1227 
1007;1227 
1008;1227 
1009;1227 
1010;1227 
1011;1226 
1012;1226 
1013;1226 
1014;1226 
1015;1226 
1016;1225 
1017;1225 
1018;1225 
1019;1225 
1020;1225 
1021;1224 
1022;1224 
1023;1224 
1024;1224 
1025;1224 
1026;1223 
1027;1223 
1028;1223 
1029;1223 
1030;1223 
1031;1222 
1032;1222 
1033;1222 
1034;1222 
1035;1222 
1036;1222 
1037;1222 
1038;1222 
1039;1222 
1040;1222 
1041;1221 
1042;1221 
1043;1221 
1044;1221 
1045;1221 
1046;1220 
1047;1220 
1048;1220 
1049;1220 
1050;1220 
1051;1219 
1052;1219 
1053;1219 
1054;1219 
1055;1219 
1056;1219 
1057;1219 
1058;1219 
1059;1219 
1060;1219 
1061;1218 
1062;1218 
1063;1218 
1064;1218 
1065;1218 
1066;1218 
1067;1218 
1068;1218 
1069;1218 
1070;1218 
1071;1218 
1072;1218 
1073;1218 
1074;1218 
1075;1218 
1076;1217 
1077;1217 
1078;1217 
1079;1217 
1080;1217 
1081;1217 
1082;1217 
1083;1217 
1084;1217 
1085;1217 
1086;1217 
1087;1217 
1088;1217 
1089;1217 
1090;1217 
1091;1217 
1092;1217 
1093;1217 
1094;1217 
1095;1217 
1096;1216 
1097;1216 
1098;1216 
1099;1216 
1100;1216 
1101;1216 
1102;1216 
1103;1216 
1104;1216 
1105;1216 
1106;1216 
1107;1216 
1108;1216 
1109;1216 
1110;1216 
1111;1216 
1112;1216 
1113;1216 
1114;1216 
1115;1216 
1116;1216 
1117;1216 
1118;1216 
1119;1216 
1120;1216 
1121;1216 
1122;1216 
1123;1216 
1124;1216 
1125;1216 
1126;1216 
1127;1216 
1128;1216 
1129;1216 
1130;1216 
1131;1215 
1132;1215 
1133;1215 
1134;1215 
1135;1215 
1136;1215 
1137;1215 
1138;1215 
1139;1215 
1140;1215 
1141;1215 
1142;1215 
1143;1215 
1144;1215 
1145;1215 
1146;1215 
1147;1215 
1148;1215 
1149;1215 
1150;1215 
1151;1214 
1152;1214 
1153;1214 
1154;1214 
1155;1214 
1156;1214 
1157;1214 
1158;1214 
1159;1214 
1160;1214 
1161;1214 
1162;1214 
1163;1214 
1164;1214 
1165;1214 
1166;1213 
1167;1213 
1168;1213 
1169;1213 
1170;1213 
1171;1213 
1172;1213 
1173;1213 
1174;1213 
1175;1213 
1176;1213 
1177;1213 
1178;1213 
1179;1213 
1180;1213 
1181;1212 
1182;1212 
1183;1212 
1184;1212 
1185;1212 
1186;1211 
1187;1211 
1188;1211 
1189;1211 
1190;1211 
1191;1211 
1192;1211 
1193;1211 
1194;1211 
1195;1211 
1196;1210 
1197;1210 
1198;1210 
1199;1210 
1200;1210 
1201;1209 
1202;1209 
1203;1209 
1204;1209 
1205;1209 
1206;1208 
1207;1208 
1208;1208 
1209;1208 
1210;1208 
1211;1208 
1212;1208 
1213;1208 
1214;1208 
1215;1208 
1216;1207 
1217;1207 
1218;1207 
1219;1207 
1220;1207 
1221;1206 
1222;1206 
1223;1206 
1224;1206 
1225;1206 
1226;1205 
1227;1205 
1228;1205 
1229;1205 
1230;1205 
1231;1204 
1232;1204 
1233;1204 
1234;1204 
1235;1204 
1236;1204 
1237;1204 
1238;1204 
1239;1204 
1240;1204 
1241;1203 
1242;1203 
1243;1203 
1244;1203 
1245;1203 
1246;1203 
1247;1203 
1248;1203 
1249;1203 
1250;1203 
1251;1202 
1252;1202 
1253;1202 
1254;1202 
1255;1202 
1256;1202 
1257;1202 
1258;1202 
1259;1202 
1260;1202 
1261;1202 
1262;1202 
1263;1202 
1264;1202 
1265;1202 
1266;1202 
1267;1202 
1268;1202 
1269;1202 
1270;1202 
1271;1201 
1272;1201 
1273;1201 
1274;1201 
1275;1201 
1276;1201 
1277;1201 
1278;1201 
1279;1201 
1280;1201 
1281;1201 
1282;1201 
1283;1201 
1284;1201 
1285;1201 
1286;1201 
1287;1201 
1288;1201 
1289;1201 
1290;1201 
1291;1201 
1292;1201 
1293;1201 
1294;1201 
1295;1201 
1296;1200 
1297;1200 
1298;1200 
1299;1200 
1300;1200 
1301;1200 
1302;1200 
1303;1200 
1304;1200 
1305;1200 
1306;1200 
1307;1200 
1308;1200 
1309;1200 
1310;1200 
1311;1200 
1312;1200 
1313;1200 
1314;1200 
1315;1200 
1316;1200 
1317;1200 
1318;1200 
1319;1200 
1320;1200 
1321;1200 
1322;1200 
1323;1200 
1324;1200 
1325;1200 
1326;1199 
1327;1199 
1328;1199 
1329;1199 
1330;1199 
1331;1199 
1332;1199 
1333;1199 
1334;1199 
1335;1199 
1336;1199 
1337;1199 
1338;1199 
1339;1199 
1340;1199 
1341;1199 
1342;1199 
1343;1199 
1344;1199 
1345;1199 
1346;1199 
1347;1199 
1348;1199 
1349;1199 
1350;1199 
1351;1198 
1352;1198 
1353;1198 
1354;1198 
1355;1198 
1356;1198 
1357;1198 
1358;1198 
1359;1198 
1360;1198 
1361;1198 
1362;1198 
1363;1198 
1364;1198 
1365;1198 
1366;1197 
1367;1197 
1368;1197 
1369;1197 
1370;1197 
1371;1197 
1372;1197 
1373;1197 
1374;1197 
1375;1197 
1376;1197 
1377;1197 
1378;1197 
1379;1197 
1380;1197 
1381;1196 
1382;1196 
1383;1196 
1384;1196 
1385;1196 
1386;1196 
1387;1196 
1388;1196 
1389;1196 
1390;1196 
1391;1195 
1392;1195 
1393;1195 
1394;1195 
1395;1195 
1396;1194 
1397;1194 
1398;1194 
1399;1194 
1400;1194 
1401;1193 
1402;1193 
1403;1193 
1404;1193 
1405;1193 
1406;1193 
1407;1193 
1408;1193 
1409;1193 
1410;1193 
1411;1192 
1412;1192 
1413;1192 
1414;1192 
1415;1192 
1416;1191 
1417;1191 
1418;1191 
1419;1191 
1420;1191 
1421;1190 
1422;1190 
1423;1190 
1424;1190 
1425;1190 
1426;1189 
1427;1189 
1428;1189 
1429;1189 
1430;1189 
1431;1189 
1432;1189 
1433;1189 
1434;1189 
1435;1189 
1436;1188 
1437;1188 
1438;1188 
1439;1188 
1440;1188 
1441;1188 
1442;1188 
1443;1188 
1444;1188 
1445;1188 
1446;1187 
1447;1187 
1448;1187 
1449;1187 
1450;1187 
1451;1187 
1452;1187 
1453;1187 
1454;1187 
1455;1187 
1456;1187 
1457;1187 
1458;1187 
1459;1187 
1460;1187 
1461;1187 
1462;1187 
1463;1187 
1464;1187 
1465;1187 
1466;1186 
1467;1186 
1468;1186 
1469;1186 
1470;1186 
1471;1186 
1472;1186 
1473;1186 
1474;1186 
1475;1186 
1476;1186 
1477;1186 
1478;1186 
1479;1186 
1480;1186 
1481;1186 
1482;1186 
1483;1186 
1484;1186 
1485;1186 
1486;1186 
1487;1186 
1488;1186 
1489;1186 
1490;1186 
1491;1186 
1492;1186 
1493;1186 
1494;1186 
1495;1186 
1496;1186 
1497;1186 
1498;1186 
1499;1186 
1500;1186 
1501;1186 
1502;1186 
1503;1186 
1504;1186 
1505;1186 
1506;1185 
1507;1185 
1508;1185 
1509;1185 
1510;1185 
1511;1185 
1512;1185 
1513;1185 
1514;1185 
1515;1185 
1516;1185 
1517;1185 
1518;1185 
1519;1185 
1520;1185 
1521;1185 
1522;1185 
1523;1185 
1524;1185 
1525;1185 
1526;1185 
1527;1185 
1528;1185 
1529;1185 
1530;1185 
1531;1185 
1532;1185 
1533;1185 
1534;1185 
1535;1185 
1536;1185 
1537;1185 
1538;1185 
1539;1185 
1540;1185 
1541;1185 
1542;1185 
1543;1185 
1544;1185 
1545;1185 
1546;1185 
1547;1185 
1548;1185 
1549;1185 
1550;1185 
1551;1185 
1552;1185 
1553;1185 
1554;1185 
1555;1185 
1556;1185 
1557;1185 
1558;1185 
1559;1185 
1560;1185 
1561;1185 
1562;1185 
1563;1185 
1564;1185 
1565;1185 
1566;1185 
1567;1185 
1568;1185 
1569;1185 
1570;1185 
1571;1185 
1572;1185 
1573;1185 
1574;1185 
1575;1185 
1576;1185 
1577;1185 
1578;1185 
1579;1185 
1580;1185 
1581;1185 
1582;1185 
1583;1185 
1584;1185 
1585;1185 
1586;1185 
1587;1185 
1588;1185 
1589;1185 
1590;1185 
1591;1185 
1592;1185 
1593;1185 
1594;1185 
1595;1185 
1596;1185 
1597;1185 
1598;1185 
1599;1185 
1600;1185 
1601;1185 
1602;1185 
1603;1185 
1604;1185 
1605;1185 
1606;1184 
1607;1184 
1608;1184 
1609;1184 
1610;1184 
1611;1184 
1612;1184 
1613;1184 
1614;1184 
1615;1184 
1616;1184 
1617;1184 
1618;1184 
1619;1184 
1620;1184 
1621;1184 
1622;1184 
1623;1184 
1624;1184 
1625;1184 
1626;1184 
1627;1184 
1628;1184 
1629;1184 
1630;1184 
1631;1184 
1632;1184 
1633;1184 
1634;1184 
1635;1184 
1636;1184 
1637;1184 
1638;1184 
1639;1184 
1640;1184 
1641;1184 
1642;1184 
1643;1184 
1644;1184 
1645;1184 
1646;1184 
1647;1184 
1648;1184 
1649;1184 
1650;1184 
1651;1184 
1652;1184 
1653;1184 
1654;1184 
1655;1184 
1656;1184 
1657;1184 
1658;1184 
1659;1184 
1660;1184 
1661;1184 
1662;1184 
1663;1184 
1664;1184 
1665;1184 
1666;1184 
1667;1184 
1668;1184 
1669;1184 
1670;1184 
1671;1184 
1672;1184 
1673;1184 
1674;1184 
1675;1184 
1676;1184 
1677;1184 
1678;1184 
1679;1184 
1680;1184 
1681;1184 
1682;1184 
1683;1184 
1684;1184 
1685;1184 
1686;1184 
1687;1184 
1688;1184 
1689;1184 
1690;1184 
1691;1184 
1692;1184 
1693;1184 
1694;1184 
1695;1184 
1696;1184 
1697;1184 
1698;1184 
1699;1184 
1700;1184 
1701;1184 
1702;1184 
1703;1184 
1704;1184 
1705;1184 
1706;1184 
1707;1184 
1708;1184 
1709;1184 
1710;1184 
1711;1184 
1712;1184 
1713;1184 
1714;1184 
1715;1184 
1716;1184 
1717;1184 
1718;1184 
1719;1184 
1720;1184 
1721;1184 
1722;1184 
1723;1184 
1724;1184 
1725;1184 
1726;1184 
1727;1184 
1728;1184 
1729;1184 
1730;1184 
1731;1184 
1732;1184 
1733;1184 
1734;1184 
1735;1184 
1736;1184 
1737;1184 
1738;1184 
1739;1184 
1740;1184 
1741;1184 
1742;1184 
1743;1184 
1744;1184 
1745;1184 
1746;1184 
1747;1184 
1748;1184 
1749;1184 
1750;1184 
1751;1183 
1752;1183 
1753;1183 
1754;1183 
1755;1183 
1756;1183 
1757;1183 
1758;1183 
1759;1183 
1760;1183 
1761;1183 
1762;1183 
1763;1183 
1764;1183 
1765;1183 
1766;1183 
1767;1183 
1768;1183 
1769;1183 
1770;1183 
1771;1183 
1772;1183 
1773;1183 
1774;1183 
1775;1183 
1776;1183 
1777;1183 
1778;1183 
1779;1183 
1780;1183 
1781;1183 
1782;1183 
1783;1183 
1784;1183 
1785;1183 
1786;1183 
1787;1183 
1788;1183 
1789;1183 
1790;1183 
1791;1183 
1792;1183 
1793;1183 
1794;1183 
1795;1183 
1796;1183 
1797;1183 
1798;1183 
1799;1183 
1800;1183 
1801;1183 
1802;1183 
1803;1183 
1804;1183 
1805;1183 
1806;1183 
1807;1183 
1808;1183 
1809;1183 
1810;1183 
1811;1183 
1812;1183 
1813;1183 
1814;1183 
1815;1183 
1816;1183 
1817;1183 
1818;1183 
1819;1183 
1820;1183 
1821;1183 
1822;1183 
1823;1183 
1824;1183 
1825;1183 
1826;1183 
1827;1183 
1828;1183 
1829;1183 
1830;1183 
1831;1183 
1832;1183 
1833;1183 
1834;1183 
1835;1183 
1836;1182 
1837;1182 
1838;1182 
1839;1182 
1840;1182 
1841;1182 
1842;1182 
1843;1182 
1844;1182 
1845;1182 
1846;1182 
1847;1182 
1848;1182 
1849;1182 
1850;1182 
1851;1182 
1852;1182 
1853;1182 
1854;1182 
1855;1182 
1856;1182 
1857;1182 
1858;1182 
1859;1182 
1860;1182 
1861;1182 
1862;1182 
1863;1182 
1864;1182 
1865;1182 
1866;1181 
1867;1181 
1868;1181 
1869;1181 
1870;1181 
1871;1181 
1872;1181 
1873;1181 
1874;1181 
1875;1181 
1876;1181 
1877;1181 
1878;1181 
1879;1181 
1880;1181 
1881;1181 
1882;1181 
1883;1181 
1884;1181 
1885;1181 
1886;1180 
1887;1180 
1888;1180 
1889;1180 
1890;1180 
1891;1180 
1892;1180 
1893;1180 
1894;1180 
1895;1180 
1896;1179 
1897;1179 
1898;1179 
1899;1179 
1900;1179 
1901;1178 
1902;1178 
1903;1178 
1904;1178 
1905;1178 
1906;1178 
1907;1178 
1908;1178 
1909;1178 
1910;1178 
1911;1177 
1912;1177 
1913;1177 
1914;1177 
1915;1177 
1916;1176 
1917;1176 
1918;1176 
1919;1176 
1920;1176 
1921;1175 
1922;1175 
1923;1175 
1924;1175 
1925;1175 
1926;1174 
1927;1174 
1928;1174 
1929;1174 
1930;1174 
1931;1174 
1932;1174 
1933;1174 
1934;1174 
1935;1174 
1936;1173 
1937;1173 
1938;1173 
1939;1173 
1940;1173 
1941;1172 
1942;1172 
1943;1172 
1944;1172 
1945;1172 
1946;1172 
1947;1172 
1948;1172 
1949;1172 
1950;1172 
1951;1172 
1952;1172 
1953;1172 
1954;1172 
1955;1172 
1956;1171 
1957;1171 
1958;1171 
1959;1171 
1960;1171 
1961;1171 
1962;1171 
1963;1171 
1964;1171 
1965;1171 
1966;1171 
1967;1171 
1968;1171 
1969;1171 
1970;1171 
1971;1171 
1972;1171 
1973;1171 
1974;1171 
1975;1171 
1976;1170 
1977;1170 
1978;1170 
1979;1170 
1980;1170 
1981;1170 
1982;1170 
1983;1170 
1984;1170 
1985;1170 
1986;1170 
1987;1170 
1988;1170 
1989;1170 
1990;1170 
1991;1170 
1992;1170 
1993;1170 
1994;1170 
1995;1170 
1996;1170 
1997;1170 
1998;1170 
1999;1170 
2000;1170 
2001;1170 
2002;1170 
2003;1170 
2004;1170 
2005;1170 
2006;1170 
2007;1170 
2008;1170 
2009;1170 
2010;1170 
2011;1170 
2012;1170 
2013;1170 
2014;1170 
2015;1170 
2016;1169 
2017;1169 
2018;1169 
2019;1169 
2020;1169 
2021;1169 
2022;1169 
2023;1169 
2024;1169 
2025;1169 
2026;1169 
2027;1169 
2028;1169 
2029;1169 
2030;1169 
2031;1169 
2032;1169 
2033;1169 
2034;1169 
2035;1169 
2036;1169 
2037;1169 
2038;1169 
2039;1169 
2040;1169 
2041;1169 
2042;1169 
2043;1169 
2044;1169 
2045;1169 
2046;1169 
2047;1169 
2048;1169 
2049;1169 
2050;1169 
2051;1169 
2052;1169 
2053;1169 
2054;1169 
2055;1169 
2056;1169 
2057;1169 
2058;1169 
2059;1169 
2060;1169 
2061;1169 
2062;1169 
2063;1169 
2064;1169 
2065;1169 
2066;1168 
2067;1168 
2068;1168 
2069;1168 
2070;1168 
2071;1168 
2072;1168 
2073;1168 
2074;1168 
2075;1168 
2076;1168 
2077;1168 
2078;1168 
2079;1168 
2080;1168 
2081;1168 
2082;1168 
2083;1168 
2084;1168 
2085;1168 
2086;1168 
2087;1168 
2088;1168 
2089;1168 
2090;1168 
2091;1168 
2092;1168 
2093;1168 
2094;1168 
2095;1168 
2096;1168 
2097;1168 
2098;1168 
2099;1168 
2100;1168 
2101;1168 
2102;1168 
2103;1168 
2104;1168 
2105;1168 
2106;1168 
2107;1168 
2108;1168 
2109;1168 
2110;1168 
2111;1168 
2112;1168 
2113;1168 
2114;1168 
2115;1168 
2116;1168 
2117;1168 
2118;1168 
2119;1168 
2120;1168 
2121;1168 
2122;1168 
2123;1168 
2124;1168 
2125;1168 
2126;1167 
2127;1167 
2128;1167 
2129;1167 
2130;1167 
2131;1167 
2132;1167 
2133;1167 
2134;1167 
2135;1167 
2136;1167 
2137;1167 
2138;1167 
2139;1167 
2140;1167 
2141;1167 
2142;1167 
2143;1167 
2144;1167 
2145;1167 
2146;1167 
2147;1167 
2148;1167 
2149;1167 
2150;1167 
2151;1167 
2152;1167 
2153;1167 
2154;1167 
2155;1167 
2156;1167 
2157;1167 
2158;1167 
2159;1167 
2160;1167 
2161;1167 
2162;1167 
2163;1167 
2164;1167 
2165;1167 
2166;1167 
2167;1167 
2168;1167 
2169;1167 
2170;1167 
2171;1166 
2172;1166 
2173;1166 
2174;1166 
2175;1166 
2176;1166 
2177;1166 
2178;1166 
2179;1166 
2180;1166 
2181;1166 
2182;1166 
2183;1166 
2184;1166 
2185;1166 
2186;1166 
2187;1166 
2188;1166 
2189;1166 
2190;1166 
2191;1166 
2192;1166 
2193;1166 
2194;1166 
2195;1166 
2196;1165 
2197;1165 
2198;1165 
2199;1165 
2200;1165 
2201;1165 
2202;1165 
2203;1165 
2204;1165 
2205;1165 
2206;1165 
2207;1165 
2208;1165 
2209;1165 
2210;1165 
2211;1165 
2212;1165 
2213;1165 
2214;1165 
2215;1165 
2216;1164 
2217;1164 
2218;1164 
2219;1164 
2220;1164 
2221;1164 
2222;1164 
2223;1164 
2224;1164 
2225;1164 
2226;1163 
2227;1163 
2228;1163 
2229;1163 
2230;1163 
2231;1163 
2232;1163 
2233;1163 
2234;1163 
2235;1163 
2236;1162 
2237;1162 
2238;1162 
2239;1162 
2240;1162 
2241;1161 
2242;1161 
2243;1161 
2244;1161 
2245;1161 
2246;1160 
2247;1160 
2248;1160 
2249;1160 
2250;1160 
2251;1159 
2252;1159 
2253;1159 
2254;1159 
2255;1159 
2256;1158 
2257;1158 
2258;1158 
2259;1158 
2260;1158 
2261;1158 
2262;1158 
2263;1158 
2264;1158 
2265;1158 
2266;1157 
2267;1157 
2268;1157 
2269;1157 
2270;1157 
2271;1156 
2272;1156 
2273;1156 
2274;1156 
2275;1156 
2276;1156 
2277;1156 
2278;1156 
2279;1156 
2280;1156 
2281;1156 
2282;1156 
2283;1156 
2284;1156 
2285;1156 
2286;1155 
2287;1155 
2288;1155 
2289;1155 
2290;1155 
2291;1155 
2292;1155 
2293;1155 
2294;1155 
2295;1155 
2296;1155 
2297;1155 
2298;1155 
2299;1155 
2300;1155 
2301;1155 
2302;1155 
2303;1155 
2304;1155 
2305;1155 
2306;1154 
2307;1154 
2308;1154 
2309;1154 
2310;1154 
2311;1154 
2312;1154 
2313;1154 
2314;1154 
2315;1154 
2316;1154 
2317;1154 
2318;1154 
2319;1154 
2320;1154 
2321;1154 
2322;1154 
2323;1154 
2324;1154 
2325;1154 
2326;1154 
2327;1154 
2328;1154 
2329;1154 
2330;1154 
2331;1153 
2332;1153 
2333;1153 
2334;1153 
2335;1153 
2336;1153 
2337;1153 
2338;1153 
2339;1153 
2340;1153 
2341;1153 
2342;1153 
2343;1153 
2344;1153 
2345;1153 
2346;1153 
2347;1153 
2348;1153 
2349;1153 
2350;1153 
2351;1153 
2352;1153 
2353;1153 
2354;1153 
2355;1153 
2356;1153 
2357;1153 
2358;1153 
2359;1153 
2360;1153 
2361;1152 
2362;1152 
2363;1152 
2364;1152 
2365;1152 
2366;1152 
2367;1152 
2368;1152 
2369;1152 
2370;1152 
2371;1152 
2372;1152 
2373;1152 
2374;1152 
2375;1152 
2376;1152 
2377;1152 
2378;1152 
2379;1152 
2380;1152 
2381;1152 
2382;1152 
2383;1152 
2384;1152 
2385;1152 
2386;1152 
2387;1152 
2388;1152 
2389;1152 
2390;1152 
2391;1151 
2392;1151 
2393;1151 
2394;1151 
2395;1151 
2396;1151 
2397;1151 
2398;1151 
2399;1151 
2400;1151 
2401;1151 
2402;1151 
2403;1151 
2404;1151 
2405;1151 
2406;1151 
2407;1151 
2408;1151 
2409;1151 
2410;1151 
2411;1151 
2412;1151 
2413;1151 
2414;1151 
2415;1151 
2416;1150 
2417;1150 
2418;1150 
2419;1150 
2420;1150 
2421;1150 
2422;1150 
2423;1150 
2424;1150 
2425;1150 
2426;1150 
2427;1150 
2428;1150 
2429;1150 
2430;1150 
2431;1150 
2432;1150 
2433;1150 
2434;1150 
2435;1150 
2436;1149 
2437;1149 
2438;1149 
2439;1149 
2440;1149 
2441;1149 
2442;1149 
2443;1149 
2444;1149 
2445;1149 
2446;1148 
2447;1148 
2448;1148 
2449;1148 
2450;1148 
2451;1148 
2452;1148 
2453;1148 
2454;1148 
2455;1148 
2456;1147 
2457;1147 
2458;1147 
2459;1147 
2460;1147 
2461;1147 
2462;1147 
2463;1147 
2464;1147 
2465;1147 
2466;1146 
2467;1146 
2468;1146 
2469;1146 
2470;1146 
2471;1145 
2472;1145 
2473;1145 
2474;1145 
2475;1145 
2476;1144 
2477;1144 
2478;1144 
2479;1144 
2480;1144 
2481;1143 
2482;1143 
2483;1143 
2484;1143 
2485;1143 
2486;1142 
2487;1142 
2488;1142 
2489;1142 
2490;1142 
2491;1141 
2492;1141 
2493;1141 
2494;1141 
2495;1141 
2496;1141 
2497;1141 
2498;1141 
2499;1141 
2500;1141 
2501;1140 
2502;1140 
2503;1140 
2504;1140 
2505;1140 
2506;1140 
2507;1140 
2508;1140 
2509;1140 
2510;1140 
2511;1139 
2512;1139 
2513;1139 
2514;1139 
2515;1139 
2516;1139 
2517;1139 
2518;1139 
2519;1139 
2520;1139 
2521;1139 
2522;1139 
2523;1139 
2524;1139 
2525;1139 
2526;1138 
2527;1138 
2528;1138 
2529;1138 
2530;1138 
2531;1138 
2532;1138 
2533;1138 
2534;1138 
2535;1138 
2536;1138 
2537;1138 
2538;1138 
2539;1138 
2540;1138 
2541;1137 
2542;1137 
2543;1137 
2544;1137 
2545;1137 
2546;1137 
2547;1137 
2548;1137 
2549;1137 
2550;1137 
2551;1137 
2552;1137 
2553;1137 
2554;1137 
2555;1137 
2556;1137 
2557;1137 
2558;1137 
2559;1137 
2560;1137 
2561;1136 
2562;1136 
2563;1136 
2564;1136 
2565;1136 
2566;1136 
2567;1136 
2568;1136 
2569;1136 
2570;1136 
2571;1136 
2572;1136 
2573;1136 
2574;1136 
2575;1136 
2576;1135 
2577;1135 
2578;1135 
2579;1135 
2580;1135 
2581;1135 
2582;1135 
2583;1135 
2584;1135 
2585;1135 
2586;1135 
2587;1135 
2588;1135 
2589;1135 
2590;1135 
2591;1134 
2592;1134 
2593;1134 
2594;1134 
2595;1134 
2596;1134 
2597;1134 
2598;1134 
2599;1134 
2600;1134 
2601;1133 
2602;1133 
2603;1133 
2604;1133 
2605;1133 
2606;1133 
2607;1133 
2608;1133 
2609;1133 
2610;1133 
2611;1132 
2612;1132 
2613;1132 
2614;1132 
2615;1132 
2616;1132 
2617;1132 
2618;1132 
2619;1132 
2620;1132 
2621;1131 
2622;1131 
2623;1131 
2624;1131 
2625;1131 
2626;1130 
2627;1130 
2628;1130 
2629;1130 
2630;1130 
2631;1129 
2632;1129 
2633;1129 
2634;1129 
2635;1129 
2636;1128 
2637;1128 
2638;1128 
2639;1128 
2640;1128 
2641;1127 
2642;1127 
2643;1127 
2644;1127 
2645;1127 
2646;1126 
2647;1126 
2648;1126 
2649;1126 
2650;1126 
2651;1125 
2652;1125 
2653;1125 
2654;1125 
2655;1125 
2656;1124 
2657;1124 
2658;1124 
2659;1124 
2660;1124 
2661;1124 
2662;1124 
2663;1124 
2664;1124 
2665;1124 
2666;1123 
2667;1123 
2668;1123 
2669;1123 
2670;1123 
2671;1123 
2672;1123 
2673;1123 
2674;1123 
2675;1123 
2676;1122 
2677;1122 
2678;1122 
2679;1122 
2680;1122 
2681;1122 
2682;1122 
2683;1122 
2684;1122 
2685;1122 
2686;1121 
2687;1121 
2688;1121 
2689;1121 
2690;1121 
2691;1121 
2692;1121 
2693;1121 
2694;1121 
2695;1121 
2696;1120 
2697;1120 
2698;1120 
2699;1120 
2700;1120 
2701;1120 
2702;1120 
2703;1120 
2704;1120 
2705;1120 
2706;1119 
2707;1119 
2708;1119 
2709;1119 
2710;1119 
2711;1119 
2712;1119 
2713;1119 
2714;1119 
2715;1119 
2716;1118 
2717;1118 
2718;1118 
2719;1118 
2720;1118 
2721;1118 
2722;1118 
2723;1118 
2724;1118 
2725;1118 
2726;1117 
2727;1117 
2728;1117 
2729;1117 
2730;1117 
2731;1116 
2732;1116 
2733;1116 
2734;1116 
2735;1116 
2736;1115 
2737;1115 
2738;1115 
2739;1115 
2740;1115 
2741;1114 
2742;1114 
2743;1114 
2744;1113 
2745;1113 
2746;1112 
2747;1112 
2748;1112 
2749;1112 
2750;1112 
2751;1111 
2752;1111 
2753;1111 
2754;1111 
2755;1111 
2756;1110 
2757;1110 
2758;1110 
2759;1110 
2760;1110 
2761;1109 
2762;1109 
2763;1109 
2764;1109 
2765;1109 
2766;1108 
2767;1108 
2768;1108 
2769;1108 
2770;1108 
2771;1107 
2772;1107 
2773;1107 
2774;1107 
2775;1107 
2776;1106 
2777;1106 
2778;1106 
2779;1106 
2780;1106 
2781;1105 
2782;1105 
2783;1105 
2784;1105 
2785;1105 
2786;1104 
2787;1104 
2788;1104 
2789;1104 
2790;1104 
2791;1103 
2792;1103 
2793;1103 
2794;1103 
2795;1103 
2796;1102 
2797;1102 
2798;1102 
2799;1102 
2800;1102 
2801;1101 
2802;1101 
2803;1101 
2804;1100 
2805;1100 
2806;1099 
2807;1099 
2808;1099 
2809;1098 
2810;1098 
2811;1097 
2812;1097 
2813;1097 
2814;1096 
2815;1096 
2816;1095 
2817;1095 
2818;1095 
2819;1094 
2820;1094 
2821;1093 
2822;1093 
2823;1093 
2824;1092 
2825;1092 
2826;1091 
2827;1091 
2828;1091 
2829;1090 
2830;1090 
2831;1089 
2832;1089 
2833;1089 
2834;1089 
2835;1089 
2836;1088 
2837;1097 
2838;1105 
2839;1113 
2840;1121 
2841;1129 
2842;1128 
2843;1126 
2844;1124 
2845;1122 
2846;1120 
2847;1119 
2848;1118 
2849;1116 
2850;1115 
2851;1113 
2852;1112 
2853;1111 
2854;1110 
2855;1109 
2856;1108 
2857;1108 
2858;1107 
2859;1107 
2860;1106 
2861;1105 
2862;1105 
2863;1104 
2864;1104 
2865;1103 
2866;1102 
2867;1102 
2868;1101 
2869;1101 
2870;1100 
2871;1099 
2872;1099 
2873;1098 
2874;1098 
2875;1097 
2876;1096 
2877;1096 
2878;1095 
2879;1095 
2880;1094 
2881;1093 
2882;1093 
2883;1093 
2884;1092 
2885;1092 
2886;1091 
2887;1091 
2888;1090 
2889;1090 
2890;1089 
2891;1088 
2892;1088 
2893;1088 
2894;1087 
2895;1087 
2896;1086 
2897;1086 
2898;1086 
2899;1085 
2900;1085 
2901;1084 
2902;1084 
2903;1084 
2904;1084 
2905;1084 
2906;1083 
2907;1083 
2908;1083 
2909;1083 
2910;1083 
2911;1082 
2912;1082 
2913;1082 
2914;1081 
2915;1081 
2916;1080 
2917;1080 
2918;1080 
2919;1079 
2920;1079 
2921;1078 
2922;1078 
2923;1078 
2924;1078 
2925;1078 
2926;1077 
2927;1077 
2928;1077 
2929;1077 
2930;1077 
2931;1076 
2932;1076 
2933;1076 
2934;1075 
2935;1075 
2936;1074 
2937;1074 
2938;1074 
2939;1074 
2940;1074 
2941;1073 
2942;1073 
2943;1073 
2944;1073 
2945;1073 
2946;1072 
2947;1072 
2948;1072 
2949;1071 
2950;1071 
2951;1070 
2952;1070 
2953;1070 
2954;1069 
2955;1069 
2956;1068 
2957;1068 
2958;1068 
2959;1068 
2960;1068 
2961;1067 
2962;1067 
2963;1067 
2964;1066 
2965;1066 
2966;1065 
2967;1065 
2968;1065 
2969;1064 
2970;1064 
2971;1063 
2972;1063 
2973;1063 
2974;1062 
2975;1062 
2976;1061 
2977;1061 
2978;1061 
2979;1060 
2980;1060 
2981;1059 
2982;1059 
2983;1059 
2984;1058 
2985;1058 
2986;1057 
2987;1057 
2988;1057 
2989;1056 
2990;1056 
2991;1055 
2992;1055 
2993;1055 
2994;1054 
2995;1054 
2996;1053 
2997;1053 
2998;1053 
2999;1052 
3000;1052 
3001;1051 
3002;1051 
3003;1051 
3004;1050 
3005;1050 
3006;1049 
3007;1049 
3008;1048 
3009;1048 
3010;1047 
3011;1046 
3012;1046 
3013;1046 
3014;1045 
3015;1045 
3016;1044 
3017;1044 
3018;1043 
3019;1043 
3020;1042 
3021;1041 
3022;1041 
3023;1041 
3024;1040 
3025;1040 
3026;1039 
3027;1039 
3028;1038 
3029;1038 
3030;1037 
3031;1036 
3032;1036 
3033;1035 
3034;1035 
3035;1034 
3036;1033 
3037;1033 
3038;1032 
3039;1032 
3040;1031 
3041;1030 
3042;1030 
3043;1029 
3044;1029 
3045;1028 
3046;1027 
3047;1027 
3048;1026 
3049;1026 
3050;1025 
3051;1024 
3052;1024 
3053;1023 
3054;1023 
3055;1022 
3056;1021 
3057;1021 
3058;1020 
3059;1019 
3060;1018 
3061;1017 
3062;1017 
3063;1016 
3064;1015 
3065;1014 
3066;1013 
3067;1012 
3068;1011 
3069;1010 
3070;1009 
3071;1008 
3072;1008 
3073;1007 
3074;1006 
3075;1005 
3076;1004 
3077;1003 
3078;1002 
3079;1001 
3080;1000 
3081;999 
3082;999 
3083;998 
3084;997 
3085;996 
3086;995 
3087;994 
3088;993 
3089;992 
3090;991 
3091;989 
3092;988 
3093;987 
3094;986 
3095;985 
3096;984 
3097;983 
3098;982 
3099;981 
3100;980 
3101;979 
3102;978 
3103;977 
3104;975 
3105;974 
3106;972 
3107;971 
3108;970 
3109;969 
3110;968 
3111;966 
3112;965 
3113;963 
3114;962 
3115;960 
3116;958 
3117;957 
3118;955 
3119;953 
3120;951 
3121;949 
3122;947 
3123;945 
3124;943 
3125;941 
3126;939 
3127;937 
3128;935 
3129;933 
3130;931 
3131;928 
3132;925 
3133;922 
3134;919 
3135;916 
3136;913 
3137;909 
3138;905 
3139;901 
3140;897 
3141;892 
3142;888 
3143;884 
3144;880 
3145;876 
3146;872 
3147;865 
3148;857 
3149;849 
3150;841 
3151;833 
3152;820 
3153;807 
3154;794 
3155;780 
